{"acc": 0.8714665174484253, "prec0": 0.8743332028388977, "prec1": 0.7032520174980164, "rec0": 0.9942492246627808, "rec1": 0.0870659276843071, "auroc": 0.7277958613768762, "auprc": 0.36658896429187604, "minpse": 0.37544036235530953}