{"acc": 0.9998637437820435, "prec0": 0.9998424649238586, "prec1": 1.0, "rec0": 1.0, "rec1": 0.998993456363678, "auroc": 1.0, "auprc": 1.0, "minpse": 1.0}